Workbook

Sheet Start here
A1: UAT - company management and service app
A3: 1. Fill your name, the device and the browser on the 'Cast & setup' sheet.
A4: 2. Run the Owner sheet first (UAT-OWN-01 to 05 create the people), then Manager, Employee and Cross-cutting.
A5: 3. For each scenario do the steps, then write what happened in 'Actual result' and choose Pass / Fail / Blocked / N/A in the 'Result' column.
A6: 4. For every Fail also add a line on the 'Defects' sheet (what, how to repeat it, how bad). A Fail with a clear Actual result is enough to start with.
A7: 5. The 'Summary' sheet counts the results by itself. Sign-off is at the bottom of 'Summary'.
A9: Severity: Blocker = cannot continue or data is wrong/lost or someone sees what they must not. Major = a workflow does not work but there is a workaround. Minor = works but is awkward or unclear. Cosmetic = looks wrong only.

Sheet Summary
A1: Sheet | B1: Scenarios | C1: Pass | D1: Fail | E1: Blocked | F1: N/A | G1: Not run | H1: % done
A2: Owner | B2: 23 | C2: =COUNTIF('Owner'!I2:I24,"Pass") | D2: =COUNTIF('Owner'!I2:I24,"Fail") | E2: =COUNTIF('Owner'!I2:I24,"Blocked") | F2: =COUNTIF('Owner'!I2:I24,"N/A") | G2: =B2-SUM(C2:F2) | H2: =IF(B2=0,0,SUM(C2:F2)/B2)
A3: Manager | B3: 31 | C3: =COUNTIF('Manager'!I2:I32,"Pass") | D3: =COUNTIF('Manager'!I2:I32,"Fail") | E3: =COUNTIF('Manager'!I2:I32,"Blocked") | F3: =COUNTIF('Manager'!I2:I32,"N/A") | G3: =B3-SUM(C3:F3) | H3: =IF(B3=0,0,SUM(C3:F3)/B3)
A4: Employee | B4: 29 | C4: =COUNTIF('Employee'!I2:I30,"Pass") | D4: =COUNTIF('Employee'!I2:I30,"Fail") | E4: =COUNTIF('Employee'!I2:I30,"Blocked") | F4: =COUNTIF('Employee'!I2:I30,"N/A") | G4: =B4-SUM(C4:F4) | H4: =IF(B4=0,0,SUM(C4:F4)/B4)
A5: HR reports and Excel downloads | B5: 7 | C5: =COUNTIF('HR reports and Excel downloads'!I2:I8,"Pass") | D5: =COUNTIF('HR reports and Excel downloads'!I2:I8,"Fail") | E5: =COUNTIF('HR reports and Excel downloads'!I2:I8,"Blocked") | F5: =COUNTIF('HR reports and Excel downloads'!I2:I8,"N/A") | G5: =B5-SUM(C5:F5) | H5: =IF(B5=0,0,SUM(C5:F5)/B5)
A6: Cross-cutting | B6: 33 | C6: =COUNTIF('Cross-cutting'!I2:I34,"Pass") | D6: =COUNTIF('Cross-cutting'!I2:I34,"Fail") | E6: =COUNTIF('Cross-cutting'!I2:I34,"Blocked") | F6: =COUNTIF('Cross-cutting'!I2:I34,"N/A") | G6: =B6-SUM(C6:F6) | H6: =IF(B6=0,0,SUM(C6:F6)/B6)
A7: Total | B7: =SUM(B2:B6) | C7: =SUM(C2:C6) | D7: =SUM(D2:D6) | E7: =SUM(E2:E6) | F7: =SUM(F2:F6) | G7: =SUM(G2:G6) | H7: =IF(B7=0,0,SUM(C7:F7)/B7)
A9: Open blockers | B9: =COUNTIFS(Defects!C2:C200,"Blocker",Defects!H2:H200,"Open")
A10: Open majors | B10: =COUNTIFS(Defects!C2:C200,"Major",Defects!H2:H200,"Open")
A12: Exit criteria (agree before starting): no open Blocker, no open Major without an agreed workaround, every scenario run (Pass, or Fail with a defect, or N/A with a reason).
A14: Sign-off
A15: Accepted / not accepted
A16: Name
A17: Role
A18: Date
A19: Signature

Sheet Cast & setup
A1: Employee ID | B1: Name | C1: Role | D1: Reports to | E1: Designation | F1: Used for | G1: Temporary password (write it here, then change)
A2: OWN001 | B2: Company Owner | C2: Owner | D2: - | E2: Owner | F2: created at installation (python -m scripts.seed_owner)
A3: UAT-MGR1 | B3: Meera Manager | C3: Manager | D3: Owner | E3: Service Manager | F3: the manager under test; owns the main branch
A4: UAT-MGR2 | B4: Bharat Manager | C4: Manager | D4: Owner | E4: Plant Manager | F4: the PEER manager: proves one branch cannot see the other
A5: UAT-EMP1 | B5: Ravi Engineer | C5: Employee | D5: Meera Manager | E5: Service Engineer | F5: the main employee under test (work, leave, EOD, punch, service calls)
A6: UAT-EMP2 | B6: Sunita Technician | C6: Employee | D6: Meera Manager | E6: Technician | F6: a second employee in Meera's branch (colleague)
A7: UAT-EMP3 | B7: Imran Operator | C7: Employee | D7: Bharat Manager | E7: Machine Operator | F7: an employee in the OTHER branch
A10: Business data used by the scenarios
A11: Item | B11: Details
A12: Customer | B12: Acme Forgings (code CU-001), address "Plot 9, Peenya, Bengaluru", contact Priya Nair, phone +91 98450 00000
A13: Machine | B13: VMC-850, code MC-001, serial SN-5521, belongs to Acme Forgings
A14: Second customer | B14: Zenith Castings (code CU-002) with machine HMC-500 (MC-002) - created by Bharat Manager
A15: Project | B15: "Line 3 upgrade" (created by Meera Manager)
A16: Task | B16: "Calibrate press line 3" (assigned to Ravi Engineer)
A17: Service call | B17: SC-2001 "Spindle vibrates" (Acme Forgings / VMC-850, urgent, field visit)
A18: Files for upload | B18: one small PNG or JPG photo, one PDF, one .txt, and one file named virus.exe (any content)
A21: Tester
A22: Tester name
A23: Role under test
A24: Device and model
A25: Browser and version
A26: Date started
A27: Web address used

Sheet Owner
A1: Test ID | B1: Role | C1: Area | D1: Device | E1: Scenario | F1: Steps | G1: Expected result | H1: Actual result | I1: Result | J1: Notes | K1: Tester | L1: Date
A2: UAT-OWN-01 | B2: Owner | C2: Login | E2: First sign-in of the Owner and forced password change | F2: 1. Open the site on a desktop browser. 2. Sign in as OWN001 with the temporary password you were given. 3. On "Change your password" enter the temporary password as the current one, then a new password (at least 8 characters, not a common word, not containing OWN001), and confirm it. 4. Submit. | G2: - Right after sign-in you are taken to the change-password page and cannot open anything else (typing /tasks in the address bar returns here). - A weak password such as "password123" or one containing "OWN001" is refused with a clear message. - After a valid change you land on "Company overview" and the menu shows: Company overview, Company tasks, Attendance, Leave requests, EOD reports, Projects, Team calendar, Service calls, Customers, Machines, Reports, Attendance analytics, Users & hierarchy, Permissions, Company settings, Audit trail.
A3: UAT-OWN-02 | B3: Owner | C3: Users | E3: Create the two managers | F3: 1. Open "Users & hierarchy" and click "Add a person". 2. Create UAT-MGR1 / Meera Manager / Service Manager / Role Manager / Reports to Company Owner / a temporary password (8+ characters, not containing the ID). 3. Repeat for UAT-MGR2 / Bharat Manager / Plant Manager. | G3: - Each person appears on their own page (heading = the name) and in the People list as Active, Role Manager. - Trying the same Employee ID twice is refused ("already in use").
A4: UAT-OWN-03 | B4: Owner | C4: Users | E4: Create the three employees under the right managers | F4: 1. Add UAT-EMP1 Ravi Engineer (Service Engineer) reporting to Meera Manager. 2. Add UAT-EMP2 Sunita Technician (Technician) reporting to Meera Manager. 3. Add UAT-EMP3 Imran Operator (Machine Operator) reporting to Bharat Manager. 4. Write each temporary password in the tester sheet ("Cast & setup"). | G4: - All three exist as Active employees with the correct "Reports to". - The People list can be searched by name, ID or designation and filtered by Role, Reports to and Status.
A5: UAT-OWN-04 | B5: Owner | C5: Hierarchy | E5: Reporting structure view | F5: 1. On "Users & hierarchy" open the "Reporting structure" tab. | G5: - A tree shows Company Owner at the top, then Meera and Bharat, with their employees underneath, matching what you created.
A6: UAT-OWN-05 | B6: Owner | C6: Hierarchy | E6: Move an employee to another manager and back | F6: 1. Open Sunita Technician's page and click "Change manager". 2. Choose Bharat Manager and Save. 3. Check the Reporting structure tab. 4. Move her back to Meera Manager. | G6: - After the first move Sunita appears under Bharat; "Reports to" on her page says Bharat Manager. - After moving back she is under Meera again. - Both changes appear in the Audit trail as "Manager changed".
A7: UAT-OWN-06 | B7: Owner | C7: Hierarchy | E7: A reporting loop is impossible | F7: 1. Open Meera Manager's page, click "Change manager" and look at the "Reports to" list. | G7: - Only people who are NOT below Meera are offered (Bharat Manager, Company Owner, "No manager"): Ravi and Sunita, who report to her, are not in the list, so a loop cannot be created. (The server refuses it as well if forced.)
A8: UAT-OWN-07 | B8: Owner | C8: Roles | E8: Change a role both ways | F8: 1. Open Imran Operator's page, "Change role", choose Manager, confirm. 2. Check his menu is that of a manager by signing in as him later, or check the People list shows Role Manager. 3. Change him back to Employee ("Make employee"). | G8: - Imran shows as Manager, then as Employee again. - Changing a manager who still has people reporting to them back to Employee shows a warning that those people need a new manager first.
A9: UAT-OWN-08 | B9: Owner | C9: Users | E9: Deactivate and reactivate a person | F9: 1. Create a throwaway employee UAT-TEMP1, then open their page and click "Deactivate" and confirm. 2. In a private window try to sign in as UAT-TEMP1. 3. Back as Owner click "Reactivate" and confirm; sign in again as UAT-TEMP1. | G9: - The person shows "Inactive"; sign-in is refused with the usual "Invalid employee ID or password" style message. - After reactivation sign-in works again. Their past records were never removed.
A10: UAT-OWN-09 | B10: Owner | C10: Users | E10: Reset someone's password | F10: 1. Open Ravi Engineer's page, click "Reset password", enter a new temporary password and confirm. 2. Sign in as UAT-EMP1 with the OLD password, then the new temporary one. | G10: - The old password no longer works; the temporary one works and forces "Change your password" before anything else. - Any session Ravi already had open is taken to the change-password page. The reset is in the Audit trail.
A11: UAT-OWN-10 | B11: Owner | C11: Permissions | E11: Let one manager SEE the other manager's reports (Allow) | F11: 1. First note that signed in as Meera Manager the Team tasks list shows only her own branch's tasks (ask Bharat to give Imran a task first). 2. As Owner open "Permissions" > "Add a permission": Manager = Meera Manager, Permission = "See another manager's reports", Effect = Allow, whose reports = Bharat Manager. Save ("Add permission"). 3. As Meera open Team tasks, EOD reports and Team attendance. | G11: - The new permission appears in the Permissions list as Allowed with the right names. - Meera now also sees Bharat's branch's tasks, EOD reports and attendance - read only: she has no Edit / Reassign / Save status buttons on them.
A12: UAT-OWN-11 | B12: Owner | C12: Permissions | E12: A restriction (Deny) beats an Allow | F12: 1. With the Allow from the previous test still in place, add a second permission for Meera: the same permission and target but Effect = "Deny (a restriction that wins over anything else)" ("Add restriction"). 2. As Meera refresh Team tasks. | G12: - Both rows are listed (Allowed and Denied); Meera sees nothing of Bharat's branch again.
A13: UAT-OWN-12 | B13: Owner | C13: Permissions | E13: Revoke - the access really goes | F13: 1. Click "Revoke" on each row and confirm "Revoke this permission?". 2. As Meera refresh Team tasks. | G13: - The rows disappear; Meera sees only her own branch. (Revoking the Allow alone, with no restriction in place, also removes her access immediately.)
... A24: UAT-OWN-23 | B24: Owner | C24: Administration | E24: Profile and own password | F24: 1. Open the account menu (top right) > "My profile". 2. Open "Change password" and change it, then sign out and in with the new one. | G24: - The profile shows ID, name, role. The new password works; the old one does not.

Sheet Manager
A1: Test ID | B1: Role | C1: Area | D1: Device | E1: Scenario | F1: Steps | G1: Expected result | H1: Actual result | I1: Result | J1: Notes | K1: Tester | L1: Date
A2: UAT-MGR-01 | B2: Manager | C2: Login | E2: Manager signs in and sees the manager menu | F2: 1. Sign in as UAT-MGR1 (change the temporary password when asked). | G2: - Landing page is the team overview ("Hello, Meera"); menu: Team overview, Team tasks, Team attendance, Leave approvals, EOD reports, Projects, Team calendar, Service calls, Customers, Machines, Reports, My team. No Permissions or Audit trail.
A3: UAT-MGR-02 | B3: Manager | C3: Team | E3: Team overview dashboard | F3: 1. Read the tiles and cards on "Team overview". 2. Click a tile (for example "Leave requests pending"). | G3: - Tiles show People in my team, Open team tasks, Blocked tasks, Leave requests pending, Punched in today, Active service calls; "On leave today" and "Tasks by status" cards. - Numbers match the lists they open. Only Meera's branch is counted.
A4: UAT-MGR-03 | B4: Manager | C4: Team | E4: My team list and a person's page | F4: 1. Open "My team" (People tab). Search "Ravi". Filter by Status. 2. Open Ravi Engineer's page. | G4: - Only Meera, Ravi and Sunita are listed - never Bharat or Imran. The person page shows profile, extra permissions, recent tasks and the buttons "Assign a task", "Edit profile", "Reset password".
A5: UAT-MGR-04 | B5: Manager | C5: Team | E5: Edit a team member's profile and reset their password | F5: 1. On Ravi's page click "Edit profile", change the designation, Save. 2. Click "Reset password", set a temporary password and confirm. | G5: - The designation updates. A message says the temporary password is set and Ravi is signed out everywhere. - There is NO way for a manager to change Ravi's role, manager or active status (those buttons do not exist).
A6: UAT-MGR-05 | B6: Manager | C6: Team | E6: Reporting structure tab | F6: 1. On "My team" open "Reporting structure". | G6: - A tree of the manager's branch only.
A7: UAT-MGR-06 | B7: Manager | C7: Task assignment | E7: Assign a task to an employee | F7: 1. Open "Team tasks" > "Assign a task". 2. Title "Calibrate press line 3", Assign to Ravi Engineer, Priority High, Task date today, Due date today. 3. Click "Assign task". | G7: - "Task assigned." appears and the task is in the list with Ravi, High, Not started. The people offered in "Assign to" are only the manager's own branch.
A8: UAT-MGR-07 | B8: Manager | C8: Task assignment | E8: Task form checks | F8: 1. Open "Assign a task" and click "Assign task" without filling anything. 2. Set Due date earlier than Task date. | G8: - "Give the task a title." and "Choose who this task is for." are shown. - "The due date cannot be before the task date."
A9: UAT-MGR-08 | B9: Manager | C9: Task assignment | E9: Edit, reassign and change status of a team task | F9: 1. Open the task. Click "Edit task", change the priority, Save. 2. Click "Reassign" and move it to Sunita Technician. 3. Change status to Blocked and "Save status". 4. Look at the History card. | G9: - Each change succeeds and History lists who changed what and when (in company time). The task's "Assigned to" is now Sunita.
A10: UAT-MGR-09 | B10: Manager | C10: Self task | E10: A manager assigns a task to herself | F10: 1. Open "Assign a task", choose "Meera Manager (you)" in Assign to, title "Review plan", Assign. 2. Open "Team tasks". | G10: - The task is created for Meera herself and shows "Assigned to You".
A11: UAT-MGR-10 | B11: Manager | C11: Task assignment | E11: A manager cannot assign across branches | F11: 1. Open "Assign a task" and look at the "Assign to" list. | G11: - Bharat Manager and Imran Operator are not offered. (Only an Owner permission "Assign tasks to another manager" would allow Bharat.)
A12: UAT-MGR-11 | B12: Manager | C12: Task assignment | E12: Task filters and the overdue marker | F12: 1. On Team tasks use Assigned to, Status, Project, Task date and the "Today" button; click "Clear filters". 2. Create a task with a due date in the past and look at it. | G12: - Each filter narrows the list and the count tiles; a task past its due date shows "Overdue". Clear filters shows everything again.
A13: UAT-MGR-12 | B13: Manager | C13: Projects | E13: Create a project, add and remove a person | F13: 1. Open "Projects" > "New project": name "Line 3 upgrade", status In progress, Create project. 2. Open it, "Add person", choose Ravi (role "engineer"), "Add to project". 3. Remove Ravi ("Remove ... from the project" and confirm). | G13: - The project appears under Projects with "Managed by Meera Manager". Ravi is listed on the Team card, then removed after confirmation.
... A32: UAT-MGR-31 | B32: Manager | C32: Team | E32: Manager sees nothing of the other branch | F32: 1. Ask Bharat to send you the web addresses of one of his tasks, one of Imran's EOD reports and Imran's person page. Open each while signed in as Meera. | G32: - Each shows "Not available" with no data.

Sheet Employee
A1: Test ID | B1: Role | C1: Area | D1: Device | E1: Scenario | F1: Steps | G1: Expected result | H1: Actual result | I1: Result | J1: Notes | K1: Tester | L1: Date
A2: UAT-EMP-01 | B2: Employee | C2: Login | E2: First sign-in with a temporary password | F2: 1. Sign in as UAT-EMP1 with the temporary password. 2. Change it on the "Change your password" page. | G2: - The password change is forced; afterwards you land on "My day" and the menu shows: My day, My tasks, Punch in / out, My leave, My EOD report, Projects, My calendar, My service calls, My customers, My machines.
A3: UAT-EMP-02 | B3: Employee | C3: Login | E3: Wrong password and lock-out | F3: 1. Try a wrong password once - read the message. 2. Try a wrong password five times in a row, then the right password. | G3: - A plain "Invalid employee ID or password" message, no hint which part is wrong. - After five failures the account is locked for 15 minutes: even the right password is refused, with a message that the account is temporarily locked. A manager or the Owner can unlock it by resetting the password.
A4: UAT-EMP-03 | B4: Employee | C4: Login | E4: Sign out, Back button, return to the page you wanted | F4: 1. Open My tasks, then account menu > "Sign out". 2. Press the browser Back button. 3. Type the My tasks address while signed out, sign in. | G4: - After sign-out you are on the sign-in page and Back never shows the app again. - Opening a protected address while signed out sends you to sign-in and, after signing in, back to that page.
A5: UAT-EMP-04 | B5: Employee | C5: Today's work | E5: "My day" dashboard | F5: 1. Open "My day". 2. Click each tile and the "All tasks" link. | G5: - "Hello, Ravi" with today's date; tiles Tasks today, In progress, Leave awaiting approval, Service calls; the Today card with the punch controls; "Today's tasks". Tiles open the matching filtered lists.
A6: UAT-EMP-05 | B6: Employee | C6: Task | E6: My tasks list and filters | F6: 1. Open "My tasks". 2. Filter Status and Task date; press "Today". 3. Open the task "Calibrate press line 3". | G6: - Only tasks assigned to Ravi are shown (never Sunita's); overdue tasks are marked. The task page shows status, priority, dates, who assigned it, project, History and Task files.
A7: UAT-EMP-06 | B7: Employee | C7: Task | E7: Update a task's status | F7: 1. On the task choose "Change status" = In progress, click "Save status". 2. Look at History. | G7: - A message "status changed to In progress" appears and History shows who changed it and when.
A8: UAT-EMP-07 | B8: Employee | C8: Task | E8: Completing and cancelling ask for confirmation | F8: 1. Choose status Completed and Save status. 2. Confirm "Mark completed" (try Cancel first). 3. On another task choose Cancelled. | G8: - A dialog "Mark task as completed?" / "Cancel this task?" appears; Cancel in the dialog leaves the task unchanged; confirming changes it.
A9: UAT-EMP-08 | B9: Employee | C9: Task | E9: An employee can only change status | F9: 1. Look for buttons to edit the title, reassign or create a task. | G9: - There are none (no Edit task, Reassign or Assign a task). Colleagues' tasks cannot be opened ("Not available").
A10: UAT-EMP-09 | B10: Employee | C10: Project | E10: Projects I belong to | F10: 1. Ask Meera to add Ravi to "Line 3 upgrade" (UAT-MGR-12). 2. Open "Projects" and open the project. | G10: - Only Ravi's projects are listed. The project page shows details, team and files; no Edit / Add person / Archive buttons.
A11: UAT-EMP-10 | B11: Employee | C11: Project | E11: Projects filter and other branch's project | F11: 1. Filter Projects by Status. 2. Try to open a project Ravi is not on. | G11: - The filter works; a project outside Ravi's membership shows "Not available".
A12: UAT-EMP-11 | B12: Employee | C12: Leave | E12: Apply for leave | F12: 1. Open "My leave" > "Apply for leave". 2. From and To = two days next week, Reason "Family function". 3. Read the line under the dates, then "Send request". | G12: - The dialog says "2 days of leave". After sending: "Leave request sent for approval."; the list shows the dates as "DD Mon YYYY", Days 2, status Pending, Waiting on Meera Manager.
A13: UAT-EMP-12 | B13: Employee | C13: Leave | E13: Leave date checks | F13: 1. Apply with To before From. | G13: - "The last day cannot be before the first day." and nothing is sent.
... A18: UAT-EMP-17 | B18: Employee | C18: EOD | E18: Past reports | F18: 1. Open "My EOD report", open an older report and use the Report date filter. | G18: - Only Ravi's reports are listed; each opens read-only.
A19: UAT-EMP-18 | B19: Employee | C19: Attendance | D19: Phone | E19: Punch in with location (phone) | F19: 1. On the phone open "Punch in / out" with "Record my location with this punch" ticked. 2. Press "Punch in" and allow location when the browser asks. | G19: - "Punched in at hh:mm am" with today's date in company time; status Present. The punch details ("Punches" on the history row) show the coordinates.
A20: UAT-EMP-19 | B20: Employee | C20: Attendance | D20: Phone | E20: Punch in when location is refused or switched off | F20: 1. Another day (or another employee) block the location permission and punch in. 2. Untick "Record my location" and punch in. | G20: - The punch is still recorded and a message says the location was not recorded; with the box unticked the browser never asks.
A21: UAT-EMP-20 | B21: Employee | C21: Attendance | E21: Punch out and the rule after it | F21: 1. Press "Punch out" and read the dialog; confirm "Punch out". 2. Try to punch in again. | G21: - The dialog "Punch out for today?" warns "You won't be able to punch in again today.". Afterwards the day shows "Day complete" with hours worked and no Punch in button.
A22: UAT-EMP-21 | B22: Employee | C22: Attendance | E22: Attendance history | F22: 1. Scroll to the history, use Today / Last 7 days / Last 30 days / This month and the From / To dates, then open "Punches" for a day. | G22: - Only Ravi's own days; date range and presets work; the dialog lists each punch.
A23: UAT-EMP-22 | B23: Employee | C23: Service work | D23: Phone | E23: My service calls and a call's page (phone) | F23: 1. Open "My service calls" (bottom tab "Service"). 2. Open call SC-2001. | G23: - Only calls assigned to Ravi are listed (as cards on a phone). The call shows the progress strip, details, customer with address, a tap-to-call phone number and "Open in Maps", the machine, visits and reports.
A24: UAT-EMP-23 | B24: Employee | C24: Service work | D24: Phone | E24: Record a visit (phone) | F24: 1. On the call press "Record a visit". 2. Type "Field visit", set Date, Arrived and Left times, Work performed "Checked spindle bearings", Problem found, Result. 3. Press "Save visit", then edit it. | G24: - Work performed is required. The visit appears under Visits with times in company time; "You cannot leave before you arrive" is shown if Left is before Arrived. The strip now ticks "Visit recorded".
A25: UAT-EMP-24 | B25: Employee | C25: Service report | E25: Submit the service report | F25: 1. Press "Submit report" on the call. 2. Link it to the visit; try Submit report with the boxes empty, then fill Work performed, Problem found, Action taken and Result (all four are required) plus any optional fields; Submit report. | G25: - Empty required boxes show messages such as "Describe the work performed.". The report is listed on the call; the strip ticks "Report submitted". After the manager reviews it, "reviewed by Meera Manager" shows.
A26: UAT-EMP-25 | B26: Employee | C26: Service work | E26: What an employee may not do on service calls | F26: 1. Look for "Log a service call", "Assign someone", "Edit call", "Review". | G26: - None of these exist for an employee. Another engineer's call or report cannot be opened ("Not available").
A27: UAT-EMP-26 | B27: Employee | C27: Service work | E27: My customers and machines | F27: 1. Open "My customers" and "My machines". | G27: - Only customers and machines connected to Ravi's assigned calls appear.
A28: UAT-EMP-27 | B28: Employee | C28: Calendar | E28: My calendar | F28: 1. Open "My calendar", switch Month / Week / List. | G28: - Ravi's tasks on their dates and his approved leave on every day of it.
A29: UAT-EMP-28 | B29: Employee | C29: Privacy | E29: Colleagues and other branches stay hidden | F29: 1. Type the addresses of Sunita's task, Imran's task, and /users, /reports, /permissions. | G29: - Each shows "Not available"; the employee's menu never lists those screens.
A30: UAT-EMP-29 | B30: Employee | C30: Notifications | E30: Notification bell | F30: 1. Open the bell (top bar) and the "Notifications" page. | G30: - The panel opens and says "You have no notifications." - the system does not yet create notifications (known limitation, see development-status).

Sheet HR reports and Excel downloads
A1: Test ID | B1: Role | C1: Area | D1: Device | E1: Scenario | F1: Steps | G1: Expected result | H1: Actual result | I1: Result | J1: Notes | K1: Tester | L1: Date
A2: UAT-HRR-01 | B2: Employee | C2: Punch-in | E2: Say how you are working when you punch in | F2: 1. Sign in as Ravi Engineer and open "Punch in / out". 2. Under "Where are you working today?" choose "On duty" - a box "Where? (customer or place)" appears - type "Acme Forgings" and punch in. 3. Next working day choose "Home" and punch in; on a third day leave "Office". | G2: - The choice is offered again next time (remembered, never forced); "On duty" asks where. - Today's card says how you are working (and the place); "My attendance" shows a "Worked as" column with Office / Home / On duty.
A3: UAT-HRR-02 | B3: Employee | C3: Leave | E3: Apply for a half day and for a compensatory off | F3: 1. Open "My leave" > "Apply for leave". Choose "Type of leave" = half day: only one date is asked and the dialog says "0.5 days of leave". Send it. 2. Apply again with type compensatory off for a Saturday you worked: the dialog says it counts as 0 days of leave. | G3: - Both requests appear in the list with their kind and days (0.5 and 0); Meera Manager sees the same on "Leave approvals" and can approve them.
A4: UAT-HRR-03 | B4: Owner | C4: Company settings | E4: Set the weekly off, late time and holidays | F4: 1. Open "Company settings" (Administration). 2. Check the weekly off is Saturday + Sunday and the late time is 09:30; change the late time to 09:45, save. 3. Add a holiday for tomorrow named "Founders day"; then remove it and confirm. | G4: - Saving shows "Company settings saved."; the new holiday appears in the list; removing asks first, and the holiday disappears. - The Audit trail shows "Company settings changed", "Holiday added" and "Holiday removed". - Meera Manager (not the Owner) cannot open "Company settings".
A5: UAT-HRR-04 | B5: Owner | C5: Analytics | E5: The attendance analytics screen | F5: 1. Open "Attendance analytics" (Insights) as the Owner. 2. Check the month tiles, "People working each day", "Where everyone's days went" and the per-employee table; click a column heading to sort. 3. Change "Month" to last month and the "Financial year (leave)" to the previous one. | G5: - Figures match what you know of the month (days worked, leave, late arrivals, absent days); lighter columns are weekly offs and holidays; "View as table" shows the same numbers. - The leave section shows days taken / still to come by month and per employee.
A6: UAT-HRR-05 | B6: Owner | C6: Excel | E6: Download the four Excel reports and open them | F6: 1. On "Attendance analytics" use "Download as Excel (.xlsx)": pick Ravi Engineer and click "Monthly attendance", then "Leave card". 2. Pick a day and click "Daily report"; click "Monthly summary (everyone)". 3. Open each file in Excel / LibreOffice. | G6: - Files are named like Attendance_Ravi_Engineer_October_2026.xlsx, LeaveCard_Ravi_Engineer.xlsx, DayReport_2026-10-14.xlsx and AttendanceSummary_October_2026.xlsx. - Each looks like the company's own sheet: a Type for every day (At Office, WFH, OD, WOW, HW, C/Off, W/Off, Holiday, FD Leave, HD Leave, Absent), colours, a legend and totals; the summary has a second "Day by day" sheet. - Half-day leave counts 0.5, comp-off 0; a remark such as =1+1 shows as text, never as a formula.
A7: UAT-HRR-06 | B7: Owner | C7: Permissions | E7: Let the HR person download company reports | F7: 1. Create or choose a manager to act as HR (for example Meera Manager). As Meera, try to open Attendance analytics: it is refused and not in her menu. 2. As the Owner open "Permissions" and grant Meera "Download company attendance reports" (global). 3. As Meera reload and open "Attendance analytics"; download the daily report. Then, as the Owner, add a deny for Meera, and as Meera reload. | G7: - Before the grant: "Not available" with an explanation; after: the screen opens, shows the WHOLE company (including Bharat's branch) and the downloads work; after the deny it closes again. - Meera's other screens still show only her own team. - The Audit trail records every "Report downloaded" with who and which report.
A8: UAT-HRR-07 | B8: Employee | C8: Permissions | E8: An employee cannot reach company reports | F8: 1. As Ravi Engineer type /attendance-analytics in the address bar. | G8: - "Not available"; no figures and no downloads.

Sheet Cross-cutting
A1: Test ID | B1: Role | C1: Area | D1: Device | E1: Scenario | F1: Steps | G1: Expected result | H1: Actual result | I1: Result | J1: Notes | K1: Tester | L1: Date
A2: UAT-DSK-01 | B2: Any | C2: Desktop | D2: Desktop | E2: Desktop layout (1366 px or wider) | F2: 1. Sign in on a laptop browser (Chrome, Edge and Firefox). 2. Open every item of your role's menu. | G2: - A side menu on the left; lists are tables; nothing is cut off; no horizontal scrolling; Back/Forward behave. - Report which browser each person used.
A3: UAT-TAB-01 | B3: Any | C3: Tablet | D3: Tablet | E3: Tablet (iPad / Android tablet), portrait and landscape | F3: 1. Sign in on a tablet; open Tasks, Leave, Attendance, Calendar; rotate the device. | G3: - Lists are cards two to a row (tables only on wide screens); the menu is the bottom bar in portrait; nothing overlaps or scrolls sideways.
A4: UAT-MOB-01 | B4: Any | C4: Mobile | D4: Phone | E4: Phone layout (Android and iPhone) | F4: 1. Sign in on a phone; use every bottom tab (Home, Tasks, Attendance/Leave, Service, More). 2. Open "More". | G4: - Bottom tab bar; "More" lists the other screens; lists are cards; forms open as sheets from the bottom with the Save button always visible; buttons are easy to tap.
A5: UAT-MOB-02 | B5: Any | C5: Mobile | D5: Phone | E5: Install the app on the phone | F5: 1. Android Chrome: use the "Install" banner or the browser menu > Install app. iPhone Safari: Share > Add to Home Screen. 2. Open it from the home screen. | G5: - It opens full-screen with the OpsFlow icon and name and signs in as before. (Needs the HTTPS address - see README.)
A6: UAT-MOB-03 | B6: Any | C6: Mobile | D6: Phone | E6: Tap-to-call and maps on a call | F6: 1. On a service call tap the customer's phone number and "Open in Maps". | G6: - The phone dialer / maps app opens with the right number / address.
A7: UAT-MOB-04 | B7: Any | C7: Mobile | D7: Phone | E7: Technician workflow, start to finish, on a phone only | F7: 1. As Ravi using only a phone: punch in, open the call, record a visit with a photo attached, submit the report, punch out. | G7: - Every step is possible one-handed without zooming or horizontal scrolling.
A8: UAT-SES-01 | B8: Any | C8: Session | E8: The session renews itself silently | F8: 1. Sign in, leave the app untouched for 20 minutes, then click a menu item. | G8: - The page loads normally; you are not asked to sign in again (the 15-minute pass is renewed in the background).
A9: UAT-SES-02 | B9: Any | C9: Session | E9: Refresh and Back/Forward while signed in | F9: 1. On a detail page press F5. 2. Visit four pages, then use Back three times and Forward once. | G9: - You stay signed in and see the right page each time.
A10: UAT-SES-03 | B10: Any | C10: Session | E10: Sign-out in one tab ends the other tab | F10: 1. Open the app in two tabs; sign out in one. | G10: - The other tab goes to the sign-in page within a moment.
A11: UAT-SES-04 | B11: Any | C11: Session | E11: A password reset ends open sessions | F11: 1. Ravi is signed in on his phone. The Owner or Meera resets his password. 2. On the phone press any menu item or refresh. | G11: - The phone is taken to "Change your password" (or sign-in); nothing else works until the password is changed.
A12: UAT-SES-05 | B12: Any | C12: Session | E12: Signed in on two devices | F12: 1. Sign in as the same person on a laptop and a phone; sign out on the phone. | G12: - The laptop session is unaffected (each device has its own session).
A13: UAT-NET-01 | B13: Any | C13: Network | D13: Phone | E13: Connection lost while using the app | F13: 1. Sign in, then switch the phone to airplane mode (or unplug the network). 2. Look at the top of the screen, try to "Save" or "Send request", and open another screen. | G13: - A banner says "You're offline" and that buttons that save are switched off; they are greyed with "Needs a connection". Screens that need data say they cannot reach the server and offer "Try again". Nothing is half-saved.
A14: UAT-NET-02 | B14: Any | C14: Network | D14: Phone | E14: Reload while offline, then reconnect | F14: 1. Offline, reload the page (or reopen the installed app). 2. Switch the network back on. | G14: - The app still opens ("You're offline" page, you are still signed in - not logged out). When the network returns it continues by itself, or press "Try again".
A15: UAT-NET-03 | B15: Any | C15: Network | D15: Phone | E15: Connection drops while a form is open | F15: 1. Open "Apply for leave", fill it, go offline, then back online, then "Send request". | G15: - The text you typed is still there; Send is disabled offline and works after reconnecting; exactly one request is created.
A16: UAT-NET-04 | B16: Any | C16: Network | D16: Phone | E16: Slow network | F16: 1. On a slow connection (3G or throttled) open Tasks and submit a form, tapping the button twice quickly. | G16: - Loading placeholders appear first; the form shows progress; only ONE record is created.
A17: UAT-NET-05 | B17: Any | C17: Network | E17: Server unavailable | F17: 1. Ask the developer to stop the backend briefly; reload a page, then restart it and press "Try again". | G17: - "Can't reach the server" and "You are still signed in"; after restart "Try again" resumes without signing in again.
A18: UAT-ATT-01 | B18: Any | C18: Attachments | E18: Upload, download and remove a file on a task | F18: 1. Open a task, choose a file (photo) in "Task files", then the PDF and the .txt. 2. Click a file name to download; open it. 3. Click "Remove" and confirm. | G18: - "<name> uploaded." for each; sizes shown; the downloaded file opens and is identical; after Remove (with confirmation) it disappears from the list.
A19: UAT-ATT-02 | B19: Any | C19: Attachments | E19: Wrong file types are refused | F19: 1. Upload virus.exe. 2. Rename a .exe to photo.png and upload it. | G19: - Both are refused with a clear message ("File type .exe is not allowed" / content does not match); nothing is stored.
A20: UAT-ATT-03 | B20: Any | C20: Attachments | E20: Large file | F20: 1. Try a file bigger than 25 MB. | G20: - It is refused with a size message.
A21: UAT-ATT-04 | B21: Any | C21: Attachments | E21: Files on other records | F21: 1. Attach a file to a project, a customer, a machine, a service call and a service report (where your role allows). | G21: - Each record has its own file list. An employee cannot attach files to someone else's task.
A22: UAT-ATT-05 | B22: Any | C22: Attachments | E22: Who may open a file | F22: 1. Copy the download address of Ravi's file and open it signed in as Imran (other branch). | G22: - Imran gets an error response and no file - files follow the permissions of the record they belong to.
A23: UAT-ATT-06 | B23: Any | C23: Attachments | E23: A file name with unusual characters | F23: 1. Upload a file called "Report ünïcode 名前 (final).png". | G23: - It uploads and downloads under that name.
A24: UAT-SRC-01 | B24: Any | C24: Search | E24: Search from the top bar | F24: 1. Click the magnifier ("Search everything") and type "acme", then a machine serial number "5521", then a call number "SC-20". | G24: - Results appear as you type, grouped: People (managers and Owner only), Customers, Machines, Service calls. Part of a name, code or serial number is enough, in any letter case.
A25: UAT-SRC-02 | B25: Any | C25: Search | E25: Nothing found, and what each role can search | F25: 1. Search for "zzzz". 2. As Ravi (employee) search for "Acme" and "Zenith". | G25: - "Nothing found for 'zzzz'" with advice. An employee finds only customers / machines / calls connected to his own calls; no People group.
A26: UAT-SRC-03 | B26: Any | C26: Search | E26: Search results open the right record | F26: 1. Click a customer, a machine and a call in the results. | G26: - Each opens its own page.
A27: UAT-FLT-01 | B27: Any | C27: Filtering | E27: Filters are remembered in the address and can be cleared | F27: 1. Apply two filters on Team tasks, copy the address and open it in another tab, then press "Clear filters". | G27: - The same filtered list opens from the copied address; Clear filters restores the whole list; "No tasks match these filters" appears when nothing fits.
A28: UAT-FLT-02 | B28: Any | C28: Filtering | E28: Lists with many rows page correctly | F28: 1. Create more than 25 tasks (or ask the developer to) and open the list. 2. Use the page controls. | G28: - Pages of 25; total count correct; filters apply to all pages.
... A34: UAT-ERR-01 | B34: Any | C34: Errors | E34: A mistake is explained in plain words | F34: 1. Submit forms with missing required fields; open an address that does not exist (/nonsense). | G34: - Messages say what to fix next to the field; unknown addresses show "Not available", never a blank page or technical text.

Sheet Defects
A1: Defect # | B1: Test ID | C1: Severity | D1: What went wrong | E1: How to repeat it | F1: Found by | G1: Date | H1: Status | I1: Fix / decision
A2: 1
A3: 2
A4: 3
A5: 4
A6: 5
A7: 6
A8: 7
A9: 8
A10: 9
A11: 10
A12: 11
A13: 12
... A200: 199
